,CredNo,User Name,Password,UserAccess,User,Account,password_encrypted
0,1,user_manager,Bankease@123,Manager,user_manager,user_manager,b'$2b$12$8GkWz2SrrSgIu7F8xrQmL.rg7UEzA3AvZU07XW/.46enVUYX7vpYu'
1,2,user_customer1,Bankease@123,Customer,U001,ACC10000,b'$2b$12$VqxrPxGsU9Olca6m6FjMqe7X2QMlgaTjyXJtyHwgN7pAxMaxETABG'
2,3,user_customer2,Bankease@123,Customer,U002,ACC10001,b'$2b$12$ggXXUSpzRcmXEvDzSmnBG.oBKj8D4sQ85jkhAdJ4.pj8ONshuUTOG'
3,4,user_customer3,Bankease@123,Customer,U003,ACC10002,b'$2b$12$TqqNyMcEjBd.90lmFyqSWOsuM5fkCGqVAfE6hBGd3OCGppyLh51Ui'
4,5,user_customer4,Bankease@123,Customer,U004,ACC10003,b'$2b$12$/BS24D2p/IZ4fmjEhX4lDOGANiLDyJZdQ92hRzV8dJsUD9d1n9U72'
5,6,user_customer5,Bankease@123,Customer,U005,ACC10004,b'$2b$12$oXo5obefeABmhEPPSkhWtu5XWI20ImnWqkpqk7NSwEsoRBDzlhfYO'
6,7,user_customer6,Bankease@123,Customer,U006,ACC10005,b'$2b$12$kYiY736JU4iN8ce.D9KnTO06/IrHkoP6UXftsFoW9KCMHIDsXbmUa'
7,8,user_customer7,Bankease@123,Customer,U007,ACC10006,b'$2b$12$VfwHzD4Qbh2TbNPU3pC5kOu8DfGQwnwSinpjY6t.LntobfhuV8HKW'
8,9,user_customer8,Bankease@123,Customer,U008,ACC10007,b'$2b$12$2gviewTOFt1ReszKmTFuke9kqXxfimr3vv5foF3BrECXBEyR1/C/S'
9,10,user_customer9,Bankease@123,Customer,U009,ACC10008,b'$2b$12$zKMsuWAcbI8XBYtz1o/VRuzOnF37vQs3Ar.tUahSWcWnMOuNQwzv2'
10,11,user_customer10,Bankease@123,Customer,U010,ACC10009,b'$2b$12$Ui4YZyT/8LFckxBeW4pHhOlYTFlWf8mxKGPgWXzgMEqSwckBgssGC'
11,12,user_customer11,Bankease@123,Customer,U011,ACC10010,b'$2b$12$KBzCxSAhUbB9GB3m1awVfOqNcmIb3Rxed6H04iOdx4cghsBwbjZES'
12,13,user_customer12,Bankease@123,Customer,U012,ACC10011,b'$2b$12$ScBBOh5G1Rd.ByFprbtKguiInIigOVq1MIscRpZjoBW9PDHSRZKtG'
13,14,user_customer13,Bankease@123,Customer,U013,ACC10012,b'$2b$12$kIF4w7EOB07tk.Abq.cMZeQ6lw3dFevcJSerRkCJuF062aUO7HeG6'
14,15,user_customer14,Bankease@123,Customer,U014,ACC10013,b'$2b$12$pixzxsV9gJkiWQ5LBFHlXeXT0WuVYwQXC0Unt9bn2HVSAApB6xmF2'
15,16,user_customer15,Bankease@123,Customer,U015,ACC10014,b'$2b$12$3fF6i/URODqtJ6nHu3i9C.NnitCy6jykLVD1ppAWa755moUy8IL.O'
16,17,user_customer16,Bankease@123,Customer,U016,ACC10015,b'$2b$12$GRyuvSizh.1QayivGkqVdeSB2QLaMmtAUSirt8LfL7wqLXw2MxjIi'
17,18,user_customer17,Bankease@123,Customer,U017,ACC10016,b'$2b$12$K/p/I12yd9VJPIRRiQLTDuAjNCZ0sncG0aEb1dnktIcKOwdsQFWCG'
18,19,user_customer18,Bankease@123,Customer,U018,ACC10017,b'$2b$12$rbgTP4mNxaEA/NUwMJXyselCyeorYjV7TpJ2Wff619A4mgYflGyba'
19,20,user_customer19,Bankease@123,Customer,U019,ACC10018,b'$2b$12$D0FtjEP56a7dIk5MoVXnj.Y.47.mIodIPYLzBdiAKFpEFRFnO0eVW'
20,21,user_customer20,Bankease@123,Customer,U020,ACC10019,b'$2b$12$45/pYvqASeTR5jmvtMgyo.J2aKYrw.wDvA6UQWXl0vBAW4WWRylS6'
21,22,user_customer21,Bankease@123,Customer,U021,ACC10020,b'$2b$12$lbJF38V4tuVYeqyvIjMDKegZQX9/j3FATVto9yG4pXlilhVdxd/Ai'
22,23,user_customer22,Bankease@123,Customer,U022,ACC10021,b'$2b$12$lr84vfAwl8e0/soGAZhQAetNwqzgaLG0F6eeRH.kQvx4GtLyVttxq'
23,24,user_customer23,Bankease@123,Customer,U023,ACC10022,b'$2b$12$L/PyuRxw1iluimPxjhAM6.6gQ2M635AH9t69SyxvH5oJyV8FNH8oG'
24,25,user_customer24,Bankease@123,Customer,U024,ACC10023,b'$2b$12$.P713HwhSfP8oSwGQW8wJeVeHcZ4eZpJo5pnZRn/LQcYmRwRm8g26'
25,26,user_customer25,Bankease@123,Customer,U025,ACC10024,b'$2b$12$vPF65qj9SBhoNC39kKMcbuhI/H2KvctwbLM4UpnTN897IKlWNWK/.'
26,27,user_customer26,Bankease@123,Customer,U026,ACC10025,b'$2b$12$NImSVWi06oPsH4pz30ed4.RQUPSL8C7hHcQJy/jmxi87LsdjUZRFS'
27,28,user_customer27,Bankease@123,Customer,U027,ACC10026,b'$2b$12$S5zYbtKtBysOP8wM.F79r.9OCBNqRw/lALB0FyOOECuNy3L3mSNZW'
28,29,user_customer28,Bankease@123,Customer,U028,ACC10027,b'$2b$12$hHzn9uD4QeQt80cY8h.Nh.MY3zFpBY1fAwwyztSyHv.WHRSREmVra'
29,30,user_customer29,Bankease@123,Customer,U029,ACC10028,b'$2b$12$kiMbMQb32L0TmeG7X0fjBuHMeVAbLwRk5vcFZRLZQgbjEEPxx7VzC'
30,31,user_customer30,Bankease@123,Customer,U030,ACC10029,b'$2b$12$USfUVE/cOIW0EL1RlAeIGud5YKLK9RJKGp99FcacUkwPyf6AgrU1y'
31,32,user_customer31,Bankease@123,Customer,U031,ACC10030,b'$2b$12$bWuHRnlxYwlS54XRqvJieOFpjJsUdvBqVo97sliiyKxuwJ/Qg8iUq'
32,33,user_customer32,Bankease@123,Customer,U032,ACC10031,b'$2b$12$y4vMeuIcmdKgjWHwNc0sbefFmscTGj8LDljqVPUQICCHdSjavtZX6'
33,34,user_customer33,Bankease@123,Customer,U033,ACC10032,b'$2b$12$Eawn4i5tr1NivaorvJNUBeFyoJKgrwPO2yxeIzqekOT1yMzZjot.2'
34,35,user_customer34,Bankease@123,Customer,U034,ACC10033,b'$2b$12$bXoc4nJpCcaaI0p5/oCoAOm.woicdo0sTU9y/H3AjmjZUQtkS8.q2'
35,36,user_customer35,Bankease@123,Customer,U035,ACC10034,b'$2b$12$C0Jm5buwvYMtbT1Oz6mfretMilufQIGK9ophuEH2kvORsjtn0sIhe'
36,37,user_customer36,Bankease@123,Customer,U036,ACC10035,b'$2b$12$vww6jrIBex.Ni92z3N5wLOyO2QfB8sKAokxoS843f50AO2nde4ORa'
37,38,user_customer37,Bankease@123,Customer,U037,ACC10036,b'$2b$12$VnqS8hbB4HyUnX0yNSvBpO9JUzDsTmD48qo52fuUAdS4kV7QJt4xm'
38,39,user_customer38,Bankease@123,Customer,U038,ACC10037,b'$2b$12$.6dFLmblaJgBvpUzLdMl7OK5KtS1nHO3HxSUAwAidWzE4LaSIrQX.'
39,40,user_customer39,Bankease@123,Customer,U039,ACC10038,b'$2b$12$WN2meZg4v0vG/VZ6Jp9np./gif5iAoSfEZMSB9FsYBc8YXZzW7pAy'
40,41,user_customer40,Bankease@123,Customer,U040,ACC10039,b'$2b$12$wnNsQ4AYtuHqDWl2Rs1XD.IWgupMmrPDkUDzW9t1f4YAY8q8gxf/W'
41,42,user_customer41,Bankease@123,Customer,U041,ACC10040,b'$2b$12$KsSerAnrnFOxSmJVv38OAORMhnHpeLKpeHx/yCDNf/9C4ibs1Skhq'
42,43,user_customer42,Bankease@123,Customer,U042,ACC10041,b'$2b$12$dbwDYNr4Mhy.hkoq9dZbmOzXnSgV3pTAP89RUvKdLMwD4v8qwVw4a'
43,44,user_customer43,Bankease@123,Customer,U043,ACC10042,b'$2b$12$Md4KXnnCtp5oKnRJgXMyH.bAaB53CehTAKg40GiytsFaXQg/VHM5S'
44,45,user_customer44,Bankease@123,Customer,U044,ACC10043,b'$2b$12$hneakQX3Q2zailMzwSURA.lKSuh0E9ILm4IreifBUm62A8MFmz79y'
45,46,user_customer45,Bankease@123,Customer,U045,ACC10044,b'$2b$12$AVheDzhM2TuYSME0ttLCa.CJFbtRRkzUQhy8yyO5YEQCHTWeM3cx2'
46,47,user_customer46,Bankease@123,Customer,U046,ACC10045,b'$2b$12$UzGY0za21b4jfBsASGX4OOAQFg51LvDokaunHZbvcAUdXQahB2ajG'
47,48,user_customer47,Bankease@123,Customer,U047,ACC10046,b'$2b$12$ZGGOSn3wCqrmJHwnZTTxK.RXsOFsMV2/rlXhtnmR6K3cUKJ5Kuwt6'
48,49,user_customer48,Bankease@123,Customer,U048,ACC10047,b'$2b$12$KZEc5ECHcrW8TeMGM8WGeu8squHy4dQ.K14kjcdGwTz5kDMwhsgSi'
49,50,user_customer49,Bankease@123,Customer,U049,ACC10048,b'$2b$12$PRoxvhJydaZ3uENM6iog3Of.u54rO.89O920rS.5ld/VKFmWiqaOy'
50,51,user_customer50,Bankease@123,Customer,U050,ACC10049,b'$2b$12$HOrn2mzwEdJjPzQ542zMmOPR1rNu6R76KycDWcSuy4UlhvwapDxC.'
